title,price,endDate,discount,count
"Fire HD 8 tablet","13.77","07.10.2028","76.28","98"
"Kindle","47.94","18.11.2028","4.38","574"
"Neoprene Dumbbell Hand Weights","1.17","14.05.2026","70.10","749"
"Digital Chromatic Tuner for Guitar","86.02","05.09.2029","99.15","495"
"Colorful VSCO Waterproof Stickers","96.89","07.01.2025","83.63","208"
"Kitchens Slow Cooker Liners","68.05","22.10.2028","89.07","370"
"Blink Outdoor – wireless","95.26","31.05.2028","38.62","85"
"Paw Patrol","51.50","24.05.2026","30.34","786"
"Silonn Ice Makers Countertop","23.23","29.03.2030","22.13","464"
"Electric Balloon Blower Pump/Electric Balloon Inflator for Decorations","10.77","18.12.2029","51.09","986"
"Amazon Basics XLR Male to Female Microphone Cable – 3 Feet","63.92","10.11.2030","90.36","336"
"SHASHIBO Shape-Shifting Box – Award-Winning","50.15","30.09.2029","23.46","499"
"Sabrent 4-Port USB 2.0 Data Hub","86.78","24.02.2025","54.20","203"
"Moto Pups Chase’s Deluxe Pull Back Motorcycle Vehicle with Wheelie Feature and Toy Figure","5.39","21.11.2025","40.35","872"
"Reusable and Washable","42.65","29.08.2027","92.13","966"
"Apple AirTag","91.31","22.07.2027","25.40","402"
"Paw Patrol","51.35","18.10.2027","4.55","463"
"Ring Video Doorbell","7.60","12.06.2025","56.44","435"
"LeapFrog 100 Animals Book","74.87","18.08.2029","30.88","870"
"Fidget Toys Easter Pop","20.23","13.12.2026","48.27","845"
"Wyze Cam Spotlight","34.79","08.01.2030","80.69","289"
"Fire TV Stick with Alexa Voice Remote","77.80","05.06.2025","25.75","477"
"LeapFrog 100 Animals Book","48.12","08.06.2028","2.39","599"
"MODVEL 2 Pack Knee Brace","53.53","04.12.2027","3.76","781"
"ComfiLife Gel Enhanced Seat Cushion","5.14","28.11.2029","33.33","220"
"High Power","43.07","14.12.2026","50.57","813"
"Portable Laundry Washing Machine","75.65","24.04.2028","4.50","835"
"Cosmo 668ICS750 30 in","67.64","04.10.2028","5.58","729"
"Original Tamagotchi – 90s","94.46","11.01.2029","34.96","553"
"Loop Exercise Bands","37.76","11.09.2026","75.19","221"
"ComfiLife Gel Enhanced Seat Cushion","55.16","09.02.2027","66.45","301"
"Acoustic Guitar Strings","23.99","30.08.2026","49.03","498"
"TP-Link Deco AX3000 WiFi 6 Mesh System","9.30","22.04.2030","96.39","118"
"Wolmund Toddler Learning Toy","49.49","20.12.2030","53.52","354"
"Acoustic Guitar Strings","87.90","30.07.2027","55.70","851"
"Bathroom Cart Organizer Mobile Shelving","51.72","22.10.2028","42.94","494"
"Party Favors","51.87","28.03.2026","64.28","352"
"Cosmo 668ICS750 30 in","17.59","17.08.2027","99.57","855"
"Bathroom Cart Organizer Mobile Shelving","87.78","14.02.2028","86.91","540"
"Cleaning Gel for Car","58.10","11.06.2029","15.14","28"
"Electric Instrument Cable","2.45","29.08.2027","65.97","313"
"Microfiber Cleaning Cloths","67.90","03.04.2030","4.57","117"
"High Power","64.97","21.06.2030","50.87","930"
"Fidget Toys Easter Pop","29.08","18.11.2027","30.12","20"
"Everydrop by Whirlpool Ice and Water Refrigerator","33.98","27.02.2027","18.97","426"
"Wolmund Toddler Learning Toy","59.13","29.04.2028","22.04","227"
"Cleaning Gel for Car","74.28","17.09.2030","35.85","775"
"Blink Outdoor – wireless","76.24","09.06.2030","30.62","257"
"Electric Balloon Blower Pump/Electric Balloon Inflator for Decorations","6.81","26.02.2027","26.97","163"
"Wolmund Toddler Learning Toy","72.73","06.08.2026","83.46","760"
"Led Strip Lights","63.62","27.10.2029","85.07","749"
"Electric Balloon Blower Pump/Electric Balloon Inflator for Decorations","74.71","10.03.2027","47.62","278"
"Party Favors","25.35","13.11.2030","37.37","24"
"Kindle","45.18","03.05.2028","21.08","369"
"TastePure RV/Marine Water Filter with Flexible Hose Protector","3.16","13.06.2028","64.63","217"
"Miracle-Gro Indoor Plant Food Spikes","57.56","22.08.2030","17.41","370"
"Wyze Cam Spotlight","47.70","31.07.2027","4.70","315"
"Fire TV Stick with Alexa Voice Remote","31.98","21.06.2025","94.02","786"
"Blink Outdoor – wireless","71.42","03.04.2025","21.54","964"
"Non-Slip Suit Clothes Hangers","36.38","06.03.2025","87.26","939"
"Pizza Grilling Set","48.02","11.09.2025","31.60","119"
"Focusrite Scarlett Solo 3rd Gen USB Audio Interface","48.30","09.01.2028","64.23","303"
"Echo Dot (4th Gen) | Smart speaker","41.96","26.04.2028","70.50","826"
"Original Tamagotchi – 90s","55.02","06.06.2026","28.75","447"
"Docking Station USB C to Dual HDMI Adapter","73.69","02.04.2026","15.31","374"
"LeapFrog 100 Animals Book","83.12","07.03.2027","68.33","424"
"AC Furnace Air Filter","81.95","26.10.2026","24.13","621"
"Flexzilla HFZG510YW Garden Lead","64.51","28.02.2030","34.23","314"
"Laundry Door Post 2.0","12.79","15.11.2025","45.08","167"
"Non-Abrasive","59.98","14.02.2028","71.10","341"
"CHAPIN 20000 Garden Sprayer 1 Gallon Lawn","14.01","22.02.2029","28.37","776"
"Amazon Basics XLR Male to Female Microphone Cable – 3 Feet","44.79","03.04.2027","8.83","550"
"Everydrop by Whirlpool Ice and Water Refrigerator","63.25","20.02.2025","11.29","592"
"Portable Laundry Washing Machine","23.15","09.08.2027","89.04","387"
"USB Condenser Gaming Microphone","52.86","21.06.2026","13.60","492"
"Focusrite Scarlett Solo 3rd Gen USB Audio Interface","74.54","08.01.2026","93.82","719"
"Fidget Toys","96.06","19.05.2027","98.88","345"
"Laundry Door Post 2.0","37.44","06.04.2030","38.85","519"
"Kitchens Slow Cooker Liners","52.76","16.03.2029","89.74","780"
"SKIP-BO Card Game","68.58","09.08.2028","92.49","235"
"Smart WiFi Router","73.17","03.02.2026","13.36","848"
"Amazon Basics Guitar Folding A-Frame Stand","98.64","01.05.2026","74.58","546"
"Acoustic Guitar Strings","64.23","25.06.2028","76.98","208"
"TP-Link Deco AX3000 WiFi 6 Mesh System","66.05","09.06.2026","64.00","836"
"Command Large Picture Hanging Strips","75.98","20.10.2030","75.27","912"
"Flexzilla HFZG510YW Garden Lead","38.40","18.12.2027","8.72","449"
"TastePure RV/Marine Water Filter with Flexible Hose Protector","27.52","06.08.2027","48.00","461"
"Veken Non-Slip Rug Pad Gripper","49.43","23.01.2029","19.83","101"
"Callaway 2021 Supersoft Golf Balls 12B PK","54.02","15.08.2028","34.28","50"
"LeapFrog 100 Animals Book","3.89","05.02.2025","70.95","463"
"Mobil 1 Extended Performance Full Synthetic Motor Oil","53.95","11.02.2027","4.16","988"
"Wired Over-Ear Headphones","70.11","13.02.2029","23.83","842"
"AC Furnace Air Filter","91.23","05.04.2030","95.21","937"
"Amazon Basics Guitar Folding A-Frame Stand","82.72","25.03.2026","40.05","501"
"Echo Dot (4th Gen) | Smart speaker","16.37","20.07.2025","6.02","224"
"Laundry Door Post 2.0","48.08","01.10.2025","17.88","308"
"CHAPIN 20000 Garden Sprayer 1 Gallon Lawn","28.87","03.03.2028","57.93","859"
"Ring Video Doorbell","32.78","16.11.2025","88.70","134"
"Sabrent 4-Port USB 2.0 Data Hub","43.00","21.08.2030","7.14","1"
"Cosmo 668ICS750 30 in","50.53","29.03.2026","90.26","871"
"weather-resistant HD security camera","34.33","25.03.2029","59.46","76"
"Patented Fidget Cube w/ 36 Rare Earth Magnets","94.48","03.08.2030","25.56","104"
"Aegend Swim Goggles","79.61","26.10.2027","39.68","909"
"Fidget Toys","9.96","12.08.2025","50.84","629"
"High Power","76.78","03.12.2028","41.88","583"
"Fire TV Stick with Alexa Voice Remote","31.38","14.05.2025","15.90","908"
"Portable Washing Machine","57.24","30.10.2028","99.87","631"
"Original Tamagotchi – 90s","51.77","29.11.2028","72.59","739"
"Electric Instrument Cable","69.41","26.02.2026","82.26","807"
"Non-Slip Suit Clothes Hangers","97.03","01.06.2025","82.53","662"
"Fujifilm Instax Mini Instant Film","2.82","09.04.2025","58.30","697"
"Ice Machine Cleaner and Descaler","35.10","27.02.2025","81.22","226"
"Ortho Home Defense Insect Killer","37.49","19.02.2027","60.98","160"
"Portable Washing Machine","34.34","04.08.2028","59.19","82"
"Filtrete 10x20x1","51.44","09.12.2027","27.27","823"
"Callaway 2021 Supersoft Golf Balls 12B PK","62.69","05.10.2029","38.89","66"
"Ice Machine Cleaner and Descaler","73.93","05.11.2027","18.52","388"
"Portable Countertop Dishwasher","27.61","30.07.2027","74.71","603"
"Workout Traveling Running Casual Hands-Free Wallets","59.18","06.05.2028","21.21","279"
"Echo Dot (4th Gen) | Smart speaker","82.40","20.09.2025","62.54","662"
"Blink Outdoor – wireless","25.98","05.12.2028","41.20","34"
"Water Repellency Wiper Blade","85.29","04.11.2028","95.64","658"
"Veken Non-Slip Rug Pad Gripper","55.30","10.03.2025","70.72","293"
"Fidget Toys","83.89","04.11.2029","49.76","883"
"Wolmund Toddler Learning Toy","38.47","09.02.2029","10.79","122"
"Scotts Turf Builder Weed and Feed","40.15","22.06.2030","6.98","22"
"Wireless Bluetooth Karaoke Microphone","93.70","11.03.2025","14.27","651"
"SKIP-BO Card Game","90.29","11.05.2029","16.98","759"
"The Original Slinky Walking Spring Toy","93.01","05.08.2028","59.18","861"
"Bed and Couch Pillows","95.42","09.06.2027","69.04","758"
"MODVEL 2 Pack Knee Brace","21.35","01.02.2030","4.13","619"
"Blink Outdoor – wireless","15.96","25.01.2026","77.85","98"
"Mini Fridge with Freeze","30.63","10.07.2027","16.44","488"
"Amazon Basics Guitar Folding A-Frame Stand","64.55","30.03.2030","39.94","274"
"Fresheracc Fridge Freezer Refrigerator Cabinet Lock Latch","62.05","27.02.2028","88.36","921"
"Everydrop by Whirlpool Ice and Water Refrigerator","18.80","20.12.2026","41.57","866"
"Fidget Toys","60.22","10.02.2026","23.55","295"
"Laundry Door Post 2.0","54.01","08.07.2027","85.61","801"
"Callaway 2021 Supersoft Golf Balls 12B PK","12.46","24.10.2027","30.71","745"
"Bathroom Cart Organizer Mobile Shelving","63.42","10.11.2029","57.98","306"
"Wagner's 13008 Deluxe Wild Bird Food","40.15","01.09.2028","97.41","159"
"Colorful VSCO Waterproof Stickers","88.31","07.07.2030","29.93","900"
"EcoNour Car Windshield Sun Shade with Storage Pouch","30.31","15.04.2027","94.06","660"
"Ernie Ball Hybrid Slinky Electric Guitar Strings","94.83","12.09.2027","36.94","382"
"Loop Exercise Bands","3.48","22.07.2030","55.71","943"
"Digital Chromatic Tuner for Guitar","55.45","14.11.2028","50.40","685"
"Microfiber Cleaning Cloths","7.91","04.06.2027","23.99","845"
"Portable","12.12","17.03.2030","58.36","972"
"LeapFrog 100 Animals Book","38.79","23.11.2026","7.43","47"
"Wolmund Toddler Learning Toy","44.71","09.04.2030","93.01","897"
"Focusrite Scarlett Solo 3rd Gen USB Audio Interface","11.38","23.06.2025","93.97","531"
"Sabrent 4-Port USB 2.0 Data Hub","55.45","09.05.2028","46.36","739"
"Non-Slip Suit Clothes Hangers","19.00","25.05.2028","38.44","780"
"USB Condenser Gaming Microphone","36.08","22.10.2026","8.82","58"
"SONORO KATE Bathroom Rug","44.02","12.06.2026","92.47","759"
"Fidget Toys","86.88","30.04.2025","62.94","862"
"Ortho Home Defense Insect Killer","34.22","15.11.2027","65.38","933"
"MODVEL 2 Pack Knee Brace","38.14","19.08.2029","97.87","790"
"Original Tamagotchi – 90s","12.62","07.04.2027","66.09","929"
"Docking Station USB C to Dual HDMI Adapter","80.25","19.01.2029","11.73","249"
"Sabrent 4-Port USB 2.0 Data Hub","48.29","23.06.2026","2.09","321"
"Mini Fridge with Freeze","85.89","31.12.2027","75.35","368"
"Water Repellency Wiper Blade","3.13","14.06.2028","31.79","625"
"Veken Non-Slip Rug Pad Gripper","34.60","08.07.2026","43.10","497"
"Portable Washing Machine","53.66","22.11.2030","74.01","55"
"Amazon Basics Exercise Yoga Mat","69.53","11.02.2026","96.10","377"
"Portable Countertop Dishwasher","51.09","03.02.2027","28.67","977"
"Grampa's Weeder","79.95","29.04.2027","100.00","72"
"Electric Instrument Cable","17.40","27.06.2026","38.66","233"
"Flexzilla HFZG510YW Garden Lead","40.69","13.03.2026","18.57","62"
"Ice Machine Cleaner and Descaler","39.63","18.02.2028","86.85","721"
"Paw Patrol","73.95","03.12.2030","25.09","67"
"Floating Shelves Wall Mounted","32.63","20.09.2028","34.99","280"
"Kindle","38.54","24.01.2030","10.60","768"
"Healthy Living Ultra Allergen","87.55","12.12.2030","73.33","958"
"Standard Replacement Filters for Pitchers and Dispensers","75.58","14.11.2025","89.76","947"
"Non-Abrasive","88.16","22.03.2027","57.60","91"
"Workout Traveling Running Casual Hands-Free Wallets","67.66","05.08.2026","4.62","994"
"Sabrent 4-Port USB 2.0 Data Hub","58.35","28.05.2030","56.39","559"
"Mini Fridge with Freeze","52.51","07.05.2028","42.18","869"
"Wagner's 13008 Deluxe Wild Bird Food","26.64","03.08.2027","54.38","457"
"CHAPIN 20000 Garden Sprayer 1 Gallon Lawn","13.01","10.02.2025","51.60","890"
"Scotts Turf Builder Weed and Feed","43.93","22.03.2027","68.46","268"
"Kindle","21.10","02.09.2027","89.44","627"
"Colorful VSCO Waterproof Stickers","39.99","12.03.2025","9.81","618"
"and Gifts","25.43","08.05.2027","61.54","730"
"and Gifts","26.08","13.07.2029","76.07","349"
"Kitchens Slow Cooker Liners","37.61","13.06.2027","46.04","219"
"Bathroom Cart Organizer Mobile Shelving","46.57","16.06.2026","13.39","680"
"Fire TV Cube","72.70","10.05.2025","53.30","415"
"Wagner's 13008 Deluxe Wild Bird Food","27.76","11.05.2026","38.00","186"
"Echo Dot (4th Gen) | Smart speaker","94.59","25.09.2026","51.20","144"
"Patented Fidget Cube w/ 36 Rare Earth Magnets","64.45","05.11.2026","25.16","237"
"Microfiber Bed Sheet Set with 14” Deep Pockets","20.16","08.03.2028","40.97","959"
"Electric Balloon Blower Pump/Electric Balloon Inflator for Decorations","61.22","24.09.2027","72.13","462"
"a Hands-free streaming device with Alexa","17.93","25.05.2028","48.24","184"
"Coleman Sundome Camping Tent","92.35","01.11.2026","11.60","137"
"Ortho Home Defense Insect Killer","89.14","18.05.2025","16.87","519"
"Everydrop by Whirlpool Ice and Water Refrigerator","21.85","16.08.2025","5.05","158"
"Microfiber Cleaning Cloths","95.65","16.04.2026","64.17","562"
"Iron Flask Sports Water Bottle","56.59","24.03.2027","96.48","788"
"LeapFrog 100 Animals Book","68.99","15.03.2026","61.38","246"
"Fujifilm Instax Mini Instant Film","53.19","22.01.2029","44.56","78"
"Ring Video Doorbell","97.86","28.07.2026","12.90","963"
"Ice Machine Cleaner and Descaler","8.66","12.09.2025","49.10","968"
"Callaway 2021 Supersoft Golf Balls 12B PK","70.86","28.08.2028","46.80","57"
"Fujifilm Instax Mini Instant Film","41.18","11.02.2027","42.98","323"
"Fire TV Stick with Alexa Voice Remote","31.55","26.02.2029","98.73","272"
"EcoNour Car Windshield Sun Shade with Storage Pouch","75.76","31.07.2026","8.17","618"
"SONORO KATE Bathroom Rug","74.33","18.03.2027","35.30","101"
"Portable","76.50","09.10.2028","10.25","848"
"Pizza Grilling Set","49.08","03.10.2026","63.81","352"
"Wireless Bluetooth Karaoke Microphone","81.71","23.04.2029","39.62","108"
"TastePure RV/Marine Water Filter with Flexible Hose Protector","36.04","03.01.2025","63.17","986"
"SONORO KATE Bathroom Rug","74.91","12.06.2026","68.99","993"
"Fire HD 8 tablet","10.78","26.01.2029","90.22","786"
"Bosch Workshop Air Filter","51.36","18.07.2030","71.36","790"
"Amazon Basics Guitar Folding A-Frame Stand","66.75","04.01.2025","12.73","432"
"Ernie Ball Hybrid Slinky Electric Guitar Strings","66.17","16.11.2030","96.25","368"
"Insulated Grocery shopping bag","4.91","10.04.2030","31.28","792"
"Amazon Basics Exercise Yoga Mat","19.25","24.03.2028","56.65","478"
"Colorful VSCO Waterproof Stickers","94.54","10.08.2028","45.95","654"
"Portable Laundry Washing Machine","6.93","26.09.2029","50.59","111"
"Veken Non-Slip Rug Pad Gripper","56.65","07.04.2025","26.35","586"
"Ernie Ball Hybrid Slinky Electric Guitar Strings","8.43","13.11.2030","1.37","552"
"Scotts Turf Builder Weed and Feed","76.82","27.07.2026","82.29","28"
"Mini Fridge with Freeze","14.53","26.06.2026","31.88","464"
"Coleman Sundome Camping Tent","8.46","21.10.2030","1.36","514"
"Docking Station USB C to Dual HDMI Adapter","97.22","07.11.2026","38.96","780"
"Healthy Living Ultra Allergen","5.71","05.09.2026","96.27","478"
"Portable Washing Machine","69.55","23.04.2025","93.53","276"
"Metal Slinky","94.82","14.02.2030","6.90","5"
"Mr Gold Foaming Car Wash Soap","36.80","09.09.2026","28.41","604"
"Miracle-Gro Indoor Plant Food Spikes","46.88","24.04.2025","23.40","151"
"Reusable and Washable","67.89","25.09.2028","31.15","105"
"Callaway 2021 Supersoft Golf Balls 12B PK","29.13","09.03.2025","1.48","519"
"TastePure RV/Marine Water Filter with Flexible Hose Protector","67.29","05.07.2028","44.23","383"
"Miracle-Gro Indoor Plant Food Spikes","16.77","18.10.2026","24.75","134"
"Bed and Couch Pillows","83.97","16.12.2026","30.22","384"
"Amazon Basics Exercise Yoga Mat","94.02","05.03.2030","3.82","575"
"Healthy Living Ultra Allergen","11.32","04.03.2025","43.09","757"
"Laundry Door Post 2.0","59.95","12.12.2029","23.25","197"
"Silonn Ice Makers Countertop","43.21","06.06.2030","87.38","450"
"Kindle","66.45","10.06.2029","91.84","456"
"T-Sound USB Splitter for Laptop","90.44","22.08.2026","3.45","671"
"Aegend Swim Goggles","35.84","24.05.2029","67.22","967"
"Coleman Sundome Camping Tent","28.23","23.05.2026","80.66","336"
"Portable Laundry Washing Machine","91.58","06.10.2027","21.44","258"
"Wireless Bluetooth Karaoke Microphone","64.56","26.07.2026","27.69","199"
"Colorful VSCO Waterproof Stickers","99.27","14.05.2028","17.23","205"
"Echo Dot | Smart speaker","91.32","11.06.2026","59.04","276"
"Wagner's 13008 Deluxe Wild Bird Food","8.97","20.12.2028","3.09","738"
"Traeger Grills Apple","35.65","07.02.2026","93.77","420"
"Led Strip Lights","82.61","08.12.2028","95.67","312"
"Apple AirTag","97.21","09.04.2030","44.21","329"
"CHAPIN 20000 Garden Sprayer 1 Gallon Lawn","33.51","20.08.2030","37.71","385"
"Scotts Turf Builder Weed and Feed","23.27","03.06.2025","49.53","109"
"T-Sound USB Splitter for Laptop","33.99","19.04.2029","73.04","956"
"a Hands-free streaming device with Alexa","76.35","19.08.2029","42.22","85"
"Iron Flask Sports Water Bottle","21.23","15.05.2030","82.88","251"
"MODVEL 2 Pack Knee Brace","44.44","12.03.2029","57.84","557"
"Kitchens Slow Cooker Liners","38.54","02.11.2026","46.49","611"
"Wyze Cam Spotlight","84.73","02.04.2026","74.06","156"
"Fire 7 Kids tablet","40.20","16.12.2025","73.13","37"
"Coleman Sundome Camping Tent","72.52","12.05.2028","56.26","717"
"Filtrete 10x20x1","43.36","17.11.2025","3.79","730"
"Veken Non-Slip Rug Pad Gripper","64.65","26.08.2027","23.38","914"
"Veken Non-Slip Rug Pad Gripper","88.39","23.11.2026","59.56","838"
"Portable Laundry Washing Machine","17.61","04.06.2025","74.90","613"
"Standard Replacement Filters for Pitchers and Dispensers","1.03","04.05.2028","8.26","981"
"Scotts Turf Builder Weed and Feed","10.61","25.10.2028","95.37","442"
"Flexzilla HFZG510YW Garden Lead","58.61","26.07.2025","98.59","341"
"Pokémon Assorted Card","34.77","09.03.2026","75.84","777"
"Amazon Basics Exercise Yoga Mat","76.07","01.01.2027","8.62","454"
"SONORO KATE Bathroom Rug","86.99","14.07.2026","39.12","552"
"Smart WiFi Router","49.07","28.01.2030","58.87","314"
"Focusrite Scarlett Solo 3rd Gen USB Audio Interface","57.35","21.04.2029","48.76","439"
"Filtrete 10x20x1","46.66","03.02.2026","94.54","416"
"Ernie Ball Hybrid Slinky Electric Guitar Strings","30.53","20.07.2029","15.83","600"
"Bedside Table with Plastic Poles","87.37","22.05.2030","51.74","457"
"Fujifilm Instax Mini Instant Film","91.35","06.08.2027","9.49","225"
"Amazon Basics 3-Foot Extension Cord","80.22","02.11.2030","29.77","575"
"Loop Exercise Bands","23.88","29.08.2028","42.94","746"
"Black Disposable Face Mask","57.35","11.10.2025","11.42","808"
"Wolmund Toddler Learning Toy","17.68","06.03.2027","27.29","494"
"Wireless Bluetooth Karaoke Microphone","2.63","06.10.2029","11.55","777"
"Miracle-Gro Indoor Plant Food Spikes","65.63","30.08.2026","12.01","690"
"CHAPIN 20000 Garden Sprayer 1 Gallon Lawn","0.17","15.09.2026","61.37","356"
"Traeger Grills Apple","23.40","02.04.2025","35.33","65"
"Colorful VSCO Waterproof Stickers","29.54","06.03.2030","89.24","474"
"Microfiber Cleaning Cloths","78.68","18.12.2025","95.12","718"
"Fire 7 Kids tablet","56.36","01.05.2025","17.42","713"
"Iron Flask Sports Water Bottle","83.28","28.12.2027","68.83","662"
"Baby Tablet Preschool Child Early Educational TouchPad for Fun Learn Number ABCs Spelling Animal","66.95","17.12.2029","92.33","801"
"EcoNour Car Windshield Sun Shade with Storage Pouch","97.51","15.04.2029","28.60","177"
"High Power","68.73","03.10.2030","26.82","376"
"Ferilinso Designed for iPhone 13 Pro Max Camera Lens Protector","70.25","26.08.2028","68.24","696"
"Digital Chromatic Tuner for Guitar","97.98","12.07.2029","43.41","84"
"Grampa's Weeder","17.14","24.12.2029","99.91","724"
"USB Condenser Gaming Microphone","73.06","24.07.2027","61.58","758"
"Electric Instrument Cable","23.66","09.10.2028","92.82","207"
"Wolmund Toddler Learning Toy","63.74","30.07.2027","56.67","126"
"Wolmund Toddler Learning Toy","86.97","04.08.2027","53.88","715"
"and Gifts","74.00","15.12.2027","94.80","406"
"Led Strip Lights","92.62","23.10.2030","83.04","888"
"Docking Station USB C to Dual HDMI Adapter","45.72","09.09.2029","70.30","949"
"Smart WiFi Router","52.42","04.11.2028","40.55","725"
"Healthy Living Ultra Allergen","15.14","04.05.2025","70.32","175"
"LeapFrog 100 Animals Book","15.45","06.04.2027","25.68","321"
"Reusable and Washable","41.13","14.07.2028","36.18","473"
"Ice Machine Cleaner and Descaler","43.77","12.08.2026","73.99","852"
"Pokémon Assorted Card","35.64","08.07.2030","88.01","72"
"Intex Dura-Beam Deluxe Comfort Plush Air Mattress","82.02","23.05.2029","88.52","935"
"Bed and Couch Pillows","55.63","08.10.2025","75.05","870"
"Standard Replacement Filters for Pitchers and Dispensers","93.07","22.05.2025","37.45","129"
"Amazon Basics Exercise Yoga Mat","76.26","26.03.2028","40.12","705"
"Bedside Table with Plastic Poles","71.43","01.04.2029","45.60","209"
"TastePure RV/Marine Water Filter with Flexible Hose Protector","84.27","14.05.2026","53.55","319"
"Bosch Workshop Air Filter","17.75","22.08.2028","86.02","718"
"Ring Video Doorbell","76.01","23.01.2029","79.85","873"
"Everydrop by Whirlpool Ice and Water Refrigerator","32.86","24.10.2027","1.33","790"
"Wireless Bluetooth Karaoke Microphone","39.91","24.01.2030","24.15","216"
"Paw Patrol","19.61","26.06.2026","33.45","254"
"Sleek Socket Ultra-Thin Electrical Outlet Cover with 3 Outlet Power Strip","46.21","23.05.2025","91.99","538"
"Wired Over-Ear Headphones","60.98","22.06.2026","16.72","482"
"Fresheracc Fridge Freezer Refrigerator Cabinet Lock Latch","66.80","13.02.2027","96.67","756"
"Mac Book Pro Charger","86.85","10.04.2027","72.47","575"
"Kitchens Slow Cooker Liners","50.40","25.01.2026","95.22","949"
"Pizza Grilling Set","83.38","17.07.2029","31.40","943"
"Catchmaster 72MAX Pest Trap","61.27","20.08.2025","13.81","789"
"Portable Washing Machine","65.86","30.01.2026","77.01","679"
"Intex Dura-Beam Deluxe Comfort Plush Air Mattress","49.35","20.03.2027","82.42","602"
"Filtrete 10x20x1","63.73","28.08.2030","13.76","62"
"Docking Station USB C to Dual HDMI Adapter","19.68","08.11.2026","49.81","454"
"Ring Video Doorbell","23.19","26.11.2030","61.30","186"
"Fire TV Cube","82.06","23.03.2030","78.19","623"
"Cosmo 668ICS750 30 in","17.58","23.02.2026","90.10","667"
"CHAPIN 20000 Garden Sprayer 1 Gallon Lawn","0.20","24.05.2026","28.07","836"
"Echo Dot | Smart speaker","1.49","24.12.2025","24.64","839"
"Iron Flask Sports Water Bottle","70.04","02.05.2026","98.78","419"
"Fire HD 8 tablet","52.78","31.10.2026","39.52","474"
"MODVEL 2 Pack Knee Brace","48.84","02.11.2027","65.66","818"
"Miracle-Gro Indoor Plant Food Spikes","26.09","21.11.2029","91.49","901"
"Intex Dura-Beam Deluxe Comfort Plush Air Mattress","71.73","23.11.2028","88.06","689"
"Amazon Basics Exercise Yoga Mat","26.64","22.05.2029","66.15","483"
"Moto Pups Chase’s Deluxe Pull Back Motorcycle Vehicle with Wheelie Feature and Toy Figure","9.77","03.12.2026","68.75","432"
"Silonn Ice Makers Countertop","41.09","04.10.2025","19.99","743"
"Cosmo 668ICS750 30 in","5.60","05.06.2029","87.29","870"
"Standard Replacement Filters for Pitchers and Dispensers","1.96","12.03.2026","16.52","809"
"Mini Handheld Vacuum","33.83","26.07.2029","39.33","790"
"Fidget Toys","51.11","17.08.2030","66.67","814"
"Loop Exercise Bands","59.72","09.05.2030","65.05","958"
"Patented Fidget Cube w/ 36 Rare Earth Magnets","37.03","02.10.2025","9.89","80"
"Blink Outdoor – wireless","41.97","17.08.2025","53.53","788"
"Portable Laundry Washing Machine","68.98","17.02.2027","74.46","248"
"Fire 7 Kids tablet","36.43","29.06.2028","53.24","384"
"Echo Dot | Smart speaker","30.20","16.10.2025","44.85","94"
"Pokémon Assorted Card","44.59","22.01.2028","64.35","939"
"Ortho Home Defense Insect Killer","54.36","28.03.2026","90.68","667"
"Apple AirTag","82.86","23.07.2025","86.15","6"
"Mac Book Pro Charger","14.41","05.10.2030","78.11","947"
"Mac Book Pro Charger","91.32","26.07.2029","21.98","764"
"TERRO T300 Liquid Ant Baits","47.03","09.01.2026","83.10","47"
"CHAPIN 20000 Garden Sprayer 1 Gallon Lawn","75.33","24.06.2027","23.96","459"
"Loop Exercise Bands","33.55","30.01.2028","92.46","909"
"Fujifilm Instax Mini Instant Film","15.85","25.10.2027","41.40","44"
"Wireless Bluetooth Karaoke Microphone","59.33","03.06.2030","97.01","991"
"a Hands-free streaming device with Alexa","9.71","21.05.2026","55.30","470"
"Catchmaster 72MAX Pest Trap","38.16","16.01.2029","38.94","956"
"Blink Outdoor – wireless","16.42","02.11.2029","2.78","112"
"Microfiber Cleaning Cloths","64.96","16.02.2026","70.02","770"
"Digital Chromatic Tuner for Guitar","22.78","14.11.2029","74.80","395"
"Portable","67.21","11.11.2026","21.33","355"
"Fresheracc Fridge Freezer Refrigerator Cabinet Lock Latch","28.19","08.07.2030","37.28","571"
"Fire TV Stick with Alexa Voice Remote","94.54","29.07.2027","77.66","41"
"Echo Dot (4th Gen) | Smart speaker","33.07","02.05.2030","55.52","905"
"Mr Gold Foaming Car Wash Soap","88.41","23.06.2030","93.08","190"
"Grampa's Weeder","12.86","24.11.2028","24.58","752"
"T-Sound USB Splitter for Laptop","40.72","05.10.2025","49.51","827"
"Portable Laundry Washing Machine","1.89","20.03.2029","98.27","615"
"AC Furnace Air Filter","20.13","20.02.2030","57.49","728"
"Fujifilm Instax Mini Instant Film","20.77","07.02.2029","95.21","423"
"Workout Traveling Running Casual Hands-Free Wallets","72.28","06.09.2030","73.93","643"
"Bosch Workshop Air Filter","24.51","26.12.2026","26.50","704"
"Wyze Cam Spotlight","50.93","05.04.2028","49.66","219"
"Wolmund Toddler Learning Toy","9.70","06.02.2030","15.63","128"
"Portable","23.10","17.02.2028","99.00","818"
"Callaway 2021 Supersoft Golf Balls 12B PK","1.10","09.09.2026","42.87","421"
"Docking Station USB C to Dual HDMI Adapter","61.08","04.06.2029","88.34","620"
"Fire 7 Kids tablet","46.57","05.09.2029","93.01","869"
"SONORO KATE Bathroom Rug","78.54","07.01.2026","84.98","983"
"AC Furnace Air Filter","89.35","12.09.2026","59.14","24"
"Echo Dot | Smart speaker","26.90","07.06.2028","13.06","791"
"Microfiber Bed Sheet Set with 14” Deep Pockets","27.36","01.04.2029","56.49","680"
"Loop Exercise Bands","52.72","10.03.2028","35.24","587"
"Fujifilm Instax Mini Instant Film","53.22","31.01.2028","86.62","714"
"Portable","59.12","20.08.2030","18.14","552"
"Pokémon Assorted Card","84.70","20.09.2029","83.43","292"
"SHASHIBO Shape-Shifting Box – Award-Winning","76.59","11.08.2025","42.61","173"
"Callaway 2021 Supersoft Golf Balls 12B PK","89.78","09.03.2029","49.20","666"
